id,name,fr_node,to_node,c_min,c_max,max_power,min_flow,max_flow,obj_weight
1,1,1,26,1,1.4,2609950,0,188.2844812,1
2,2,2,27,1,1.4,1864250,0,164.243841,1
3,3,3,28,1,1.4,1118550,0,116.1625607,1
4,4,14,29,1,1.4,745700,0,164.243841,1
5,5,20,30,1,1.4,745700,0,164.243841,1